Name,Rating,Rating Count,Address,Verified
"Cute & Style Saloon & Spa in Charai-thane West, Mumbai",3.7,81,"Shop Number 102 SaiKrupa Apartment, LLG Road, Charai-thane West, Thane - 400601, Near Avadh Radio Tembhi Naka",Not Verified
"Anand Ranjane in Thane West, Mumbai",4.0,25,"Room No 3, Dattachayya Rahiwasi Sangh, Raje Shivaji Mahavidyalaya Road, Thane West, Thane - 400606, Near Lokmanya Nagar Pada No 4",Not Verified
"Muscle Factory in Thane West, Mumbai",4.7,90,"26A, 1& 2, Bhrindavan Society, Thane West, Thane - 400601, Near to Bhrindavan Bus Stop",Not Verified
"GLOYO  Beauty Services At Home in Thane West, Mumbai",4.2,28,"Office No 601, 6th Floor, A Wing, Pinak Galaxy, Ghodbunder Road, Thane West, Thane - 400607, Opposite Lake City Mall, Kapurbawadi Junction",Not Verified
"Rose Spa Home Service in Naupada-thane West, Mumbai",4.0,13,"Naupada-thane West, Thane - 400602, Near Three Petrol Pump",Not Verified
"Bluenile Salon And Spa in Khopat-Thane West, Mumbai",4.6,9,"Kalika Building, Shop No 7, Khopat-Thane West, Thane - 400601, Near Pratap Cinema",Not Verified
"D3 Anshs Mens Parlour (propsnaion Saloon) in Thane West, Mumbai",3.5,8,"Shop No 10 OM Sai Complex, Balkum No 2, Thane West, Thane - 400601, Below Omkar Hospital",Not Verified
"Belleza & You Salon Services in Thane West, Mumbai",3.9,7,"102/B1, Orchid Building, Runwal Garden City, Ram Maroti Nagar Road, Thane West, Thane - 400608, Near Piramal Vaikunt",Not Verified
"B Oaks Health Spa in Mulund West, Mumbai",3.7,25,"Shop No-204, 2nd Floor, Neptune Uptown, N S Road, Mulund West, Mumbai - 400080, Above Reliance Trend",Not Verified
"Manalis Beauty Salon Spa in Anand Nagar-Kasarvadavali, Mumbai",4.5,10,"TMC Shop No 81/82, Ghodbunder Road, Anand Nagar-Kasarvadavali, Thane - 400615, Near Parijat Garden Complex, Behind Kasarvadavli Petrol Pump",Not Verified
"Bombay Body Massage in Mumbra, Mumbai",4.3,6,"A Wing, Room No 007, Ground Floor, Asfi Chawl, Rashid Compound, Mumbra, Thane - 400612, Near V K Tower, Kausa",Not Verified
"S V Massage Parlour in Kasarvadavali, Mumbai",2.5,2,"Shop No 2, Ghodbunder Road, Kasarvadavali, Thane - 400615, Behind Marathi School",Not Verified
"Sandy Massage Services in Diva, Mumbai",3.9,4,"103, Om Apartment, Saba Road, Diva, Thane - 400612",Not Verified
"My Home Wellness in Powai, Mumbai",4.8,105,"Shop O 207 Powai Plaza, Central Avenue, Powai, Mumbai - 400076, Hiranandani Garden",Not Verified
"Jully Spa in Kopar Khairane, Mumbai",3.8,32,"Plot No 152, Sector 19, Kopar Khairane, Navi Mumbai - 400709, Near Mseb Office",Not Verified
"Reem Spa Service At Home in Goregaon East, Mumbai",3.3,25,"Royal Palms, Goregaon East, Mumbai - 400065",Not Verified
"Lovely Body Spa in Mira Road, Mumbai",3.9,18,"Shop No 30, MTNL Road, Mira Road, Thane - 401107",Not Verified
"Beautilicious in Kandivali East, Mumbai",4.8,9,"Shop No 10/ 182, Samta Nagar Road, Kandivali East, Mumbai - 400101, Near Thakur College",Not Verified
"Soft Hand Massage in Nitie, Mumbai",4.0,9,"S/O CHANDRAKANT SATAM, GANESH ROAD 1/1 SATAM CHAWL DONGRI PADA SAKI VIHAR ROAD, Nitie, Mumbai - 400087, Near Khau Galli",Not Verified
"Golden Blush Beauty Salon (golden Glow) in Goregaon East, Mumbai",2.5,7,"G/25, Gokuldham Shopping Centre, Goregaon East, Mumbai - 400063, Gokuldham, Near Ghokuldham School",Not Verified
"Galaxy Spa in Kandivali East, Mumbai",4.0,5,"Shop No-14 Gokul Residency, Thakur Village, Kandivali East, Mumbai - 400101, Near T Villa",Not Verified
"Manisha Beauty Parlour in Borivali East, Mumbai",3.2,5,"Room No 2,Nagrawala Compound, Carter Road No 1, Borivali East, Mumbai - 400066, Behind Man Mandir Tailor.",Not Verified
"Feel Fresh Spa in Chandivali-Andheri East, Mumbai",4.0,4,"Chandivali, Farm Road, Chandivali-Andheri East, Mumbai - 400072, Powai",Not Verified
"Excellent Spa in Malad East, Mumbai",4.8,2,"Shah Arcade, Rani Sati Marg, Malad East, Mumbai - 400097, Main Road",Not Verified
"Dimkus Home Spa Service Center in Goregaon East, Mumbai",4.5,2,"Near Arey Bhaskar Garden Opposite Ryan School, 406 Padmavati, Goregaon East, Mumbai - 400063, Gokuldham",Not Verified
"Nilesh Massage Therapy in Chandivali-Andheri East, Mumbai",3.5,2,"Nahar-Hiranandani, Farm Road, Chandivali-Andheri East, Mumbai - 400072",Not Verified
"Ultimate Gents Salon & Spa in Malad East, Mumbai",5.0,1,"Shop No 3, Apna Ghar, Malad East, Mumbai - 400097, Near Gokuldham",Not Verified
"Beauty Spa Simran in Borivali East, Mumbai",5.0,1,"Hari Om Plaza 101 1st Floor, MG Road, Borivali East, Mumbai - 400066, Behind Omkareshwar Mandir",Not Verified
"Krish Spa in Powai, Mumbai",4.5,1,"D 304, Eros Mall, Powai, Mumbai - 400076, Near IIT Powai",Not Verified
"Friends Beauty Parlour Spa & Classes in Dombivli East, Mumbai",4.5,1,"Shop No 9, Shivam Paradise, Lodha Heritage, Bhopar Road, Dombivli East, Thane - 421201, Near New Guardian School, Deslepada",Not Verified
"Scissor For Angels Beauty Parlour in Kurar Village-Malad East, Mumbai",4.0,1,"Ganesh Niwas Shop No 01, Ambewadi, Kurar Village-Malad East, Mumbai - 400097, Near Nalanda Gate",Not Verified
"Sanjay Kumar in Kandivali East, Mumbai",3.0,1,"Room 23, Budhiraj Yadav NVSM, Kandivali East, Mumbai - 400101, Near Dahisar Pool, R K Society",Not Verified
"Style Station Saloon & Spa in Malad East, Mumbai",3.0,1,"Shop No.1, Dafttary Road, Malad East, Mumbai - 400097, Nr. Utkarsh Mandir School",Not Verified
"Shine And Silk in Borivali East, Mumbai",2.5,1,"Hari Om Plaza, M G Road, Borivali East, Mumbai - 400066, Near National Park",Not Verified
"Swayam Yog in Malad West, Mumbai",4.1,35,"305 Evershine Mall, Link Road, Malad West, Mumbai - 400064, Near Hanuman Mandir",Not Verified
"M To M in Mira Road, Mumbai",3.5,2,"Green Park,Gokul Vilage,6-B/102, Mira Road, Thane - 401107",Not Verified
"Rocky C in Malad West, Mumbai",4.7,37,"604, Siddhi Co Operative Housing Society Ltd, Mamlatdarwari Extension Road, Link Road, Malad West, Mumbai - 400064, Near K G Mittal College",Not Verified
"Royal Unisex Salon in Andheri East, Mumbai",3.9,80,"Shop No 6, Ashish Chs Ltd, Mahakali Caves Road, Andheri East, Jijamata Road, Andheri East, Mumbai - 400093, Near Satya Sai Baba Mandir",Not Verified
"Touch N Glow in Mahakali-Andheri East, Mumbai",4.1,98,"Plot No 127 Ground Floor Sheer Punjab Society, Prem Lane, Mahakali-Andheri East, Mumbai - 400093, Near Tolani College",Not Verified
"Reflection Salon & Spa in Sakinaka, Mumbai",4.0,234,"506, Crystal Center, Raheja Vihar, Sakinaka, Mumbai - 400072, Chandivali",Not Verified
"Anjali Massage Service in Marol Naka-Andheri East, Mumbai",3.5,51,"Andheri West Sakinaka Housing Society. 11, Pipeline, Marol Naka-Andheri East, Mumbai - 400059, Panasula Hotel",Not Verified
"Riya Fitness Services in Andheri East, Mumbai",3.6,43,"Room No 24/ A, Mohini Co Operative Housing Society, Andheri Kurla Road, Andheri East, Mumbai - 400072, Near Marol Metro Station, Opposite International Airport",Not Verified
"Hair 2 Feet Unisex Salon in Andheri East, Mumbai",5.0,29,"Shop No. 1 Pandey Niwas, Marol Military Road, Andheri East, Mumbai - 400059, Near Blossom Society, Opp. Drivezy Show Room",Not Verified
"Rodis Professional Salon & Academy in Borivali West, Mumbai",4.1,27,"Shop No 14, Mandpeshwar Krupa Building, SVP Road, Borivali West, Mumbai - 400103, Next To St Francis Technical And Engineering College",Not Verified
"A To Z Massage Services in Vashi, Mumbai",4.0,23,"Room No 201 Evershine Chs, Sector No 9 & 10, Vashi, Navi Mumbai - 400703, Near Cine Max",Not Verified
"Lavish Unisex Studio in Malad West, Mumbai",4.4,19,"Shop No 4, Building No 57,Galaxy Height Tower, Malad West, Mumbai - 400095, Near Bhoomi Mart, Jankalyan Nagar",Not Verified
"Gokul Gupta in Sakinaka, Mumbai",4.1,18,"27, 1/2, Gupta Chawl, Saki Vihar Road, Sakinaka, Mumbai - 400072, Near Shivsena Office, Tunga Village, Powai",Not Verified
"Welcome Body Massage Zone in Powai, Mumbai",3.7,12,"Room No 4, Hare Krishna Housing Society, Shivshakti Nagar, Saki Vihar Road, Powai, Mumbai - 400076, Near Ramada Powai",Not Verified
"The Home Salon in Andheri East, Mumbai",3.3,12,"C 2107, 2nd Floor, Oberoi Garden Estate, Andheri East, Mumbai - 400072, Near Chandivali Studio, Chandivali, Andheri East",Not Verified
"VLCC Vanitycube in Goregaon West, Mumbai",3.6,10,"Kakaji Nagar, Topiwala Marg, Goregaon West, Mumbai - 400062",Not Verified
"Sayo Spa in Dahisar, Mumbai",4.9,9,"1/A, S No 296, H No 8/1, Kandarpada, Link Road, Dahisar, Mumbai - 400068, Near West Coast Hotel & D Mart, Opposite Ekta Vivek Building",Not Verified
"Priya Service in Sakinaka, Mumbai",4.3,9,"Room No 2/1 Veera Co-operative Housing Society, Saki Vihar Road, Sakinaka, Mumbai - 400072, Near International Airport And Opposite Leela Hotel",Not Verified
"Sangita in Powai, Mumbai",4.8,5,"Room No 1 Tara Bai Nagar Bhavar Niwas, Tunga Gaon S V Road Powai, Powai, Mumbai - 400076",Not Verified
"Comfort Salon in Goregaon West, Mumbai",4.8,5,"606  ,-B,Anandvatika, Siddharth Nagar, Goregaon West, Mumbai - 400062, Above My Dentist",Not Verified
"Hands Of Gold Massage in Jogeshwari East, Mumbai",4.6,5,"Shree Samarth Bldg, Samarth Nagar , Majaswadi Road, Jogeshwari East, Mumbai - 400060",Not Verified
"Lotus Professional Salon For Men in Gangawadi-Ghatkopar West, Mumbai",4.5,5,"Shop No 2, Seiours Signal, Andheri New Road, Gangawadi-Ghatkopar West, Mumbai - 400086, Near Deepa Restaurant",Not Verified
"Meenaz Makeup Artist in Mira Road, Mumbai",3.3,5,"Room No 53, Building No A 19, RNA Broadway, Mira Bhayandar Road, Mira Road, Thane - 401107, Near Shanti Park And Balaji Hotel",Not Verified
"Simran Beauty Parlour in Kandivali West, Mumbai",3.0,5,"B/603, Thakker Plaza,, H K Road, Kandivali West, Mumbai - 400067, Near Bhagwati Restaurat, Irani Wadi",Not Verified
"Girin Spa in Kanakia Park-mira Road, Mumbai",5.0,4,"Shalom Garden, Shiv Sena Gali, Kanakia Park-mira Road, Thane - 401107, Near Santhome Public School",Not Verified
"Cuts Beauty Parlour in Malad East, Mumbai",4.3,4,"Room No 1, Jagdish Niva, Laxman Nagar, Malad East, Mumbai - 400097, St Francis High School, Kurar Village",Not Verified
"Samy Massage Spa in Jogeshwari East, Mumbai",3.9,4,"2,Rozy Kaki, Ramnagar, Jogeshwari East, Mumbai - 400060, Near Shitla Devi Temple",Not Verified
"Jasmeen Beauty  Spa in Goregaon West, Mumbai",3.8,4,"Swati Apartment Shop No-23, Goregaon West, Mumbai - 400062, Opposite Topiwala Cinema",Not Verified
"Princess Salon & Spa in Mira Road, Mumbai",3.5,4,"RNA CNG Estate Shop No A/11, Mira Bhayandar Road, Mira Road, Thane - 401107, Opposite Tata Docomo Gallery & Chaitanya Eye Hospital",Not Verified
"Leela Parlour in Malad East, Mumbai",4.7,3,"K D Heights, 2nd Floor, Flat No 213, Malad East, Mumbai - 400097, Near Ashok Hospital, Opposite Laxmi Narayan Mandir",Not Verified
"Shri Balaji Enterprises in Goregaon East, Mumbai",4.3,3,"GoreGoan East, Goregaon East, Mumbai - 400063",Not Verified
"Revival Spa And Nutrition Pvt Ltd in Mira Road, Mumbai",4.3,3,"Shop No C/6, Ideal Tower Co Operative Housing Society, N H School Road, Mira Bhayandar Road, Mira Road, Thane - 401107",Not Verified
"Donnahs Beauty Care in Dahisar, Mumbai",3.8,3,"Meinrad House, L.M Rd, Navagaon, Dahisar West, Dahisar, Mumbai - 400068, Donnah Xerox",Not Verified
"Ashok Massage Service in Kandivali East, Mumbai",5.0,2,"Navyug Chawl, Bheem Nagar, Akurli Road, Kandivali East, Mumbai - 400101, Damu Nagar,",Not Verified
"Neel Relaxing Spa in Malad West, Mumbai",5.0,2,"Shree Niwas, Road No 1, Malad West, Mumbai - 400064, Near Liberty Garden",Not Verified
"Newlook Spa Saloon in Mira Road, Mumbai",5.0,2,"Shop No 16/ 17, Akshar Sagar Shanti Nagar Building ,B 23, Sector 11, Mira Road, Thane - 401107, Shanti Nagar",Not Verified
"Royal Massage in Vashi, Mumbai",4.8,2,"Room No 101, 1st Floor A Wing, Vashi, Navi Mumbai - 400703, Sector No 11, Goan Devi Mandir",Not Verified
"Sunrise Spa in Vashi, Mumbai",4.8,2,"Office No 1711 Kesar Solitaire Plot No 88 Palm Beach Road Sanpada, Vashi, Navi Mumbai - 400703, Near Palm Beach Road",Not Verified
"Rahat Khan Beautician & Classes in Mira Road, Mumbai",5.0,1,"201 Room No, 2nd Floor,Pooja Nagar, Sagar Manthan Building, 4-B, Nr Mira Rd Railway Track ,Monday Market, Mira Road, Thane - 401107, Nr Patriot School",Not Verified
"Ardon Gents Salon & Spa in Irani Wadi-Kandivali West, Mumbai",4.5,1,"Shop No 18, Sairaj Building Garden, Road No 3, Irani Wadi-Kandivali West, Mumbai - 400067, Near Atul Tower",Not Verified
"Vinos Beauty Parlour in Mira Road, Mumbai",4.5,1,"702, Laxmi Classic Building, Mira Road, Thane - 401107, Near Cinemax and Kanakia, Laxmi Park",Not Verified
"Glamour Spa in Borivali West, Mumbai",4.0,1,"Sv Road, Borivali West, Mumbai - 400092, Kalyan Jewellers",Not Verified
"Lift Academy in Evershine Nagar-Malad West, Mumbai",3.5,1,"shop no. 9 nilkanth academy, ramvhandra lane ext., Evershine Nagar-Malad West, Mumbai - 400064, next to movie times",Not Verified
"Mumbai Wellness International in Andheri East, Mumbai",4.8,15,"Plot No 11, JB Nagar, A, JB Nagar, Andheri East, Mumbai - 400059, Near Bagadiya College",Not Verified
"Soft Hand Massage in Andheri West, Mumbai",4.2,37,"Aareshwar Co Oporative Housing Society, Plot No 48/5, Andheri West, Mumbai - 400053, Near Khau Galli, Mhada Colony",Not Verified
"Lick Spa in Vashi, Mumbai",4.2,23,"Sector 11, Vashi, Navi Mumbai - 400703, Juhu Gaon, Opposite Gaondevi Mandir",Not Verified
"Shree Mauli Upchar Kendra in Ghatkopar East, Mumbai",4.4,22,"105 / 977 RAMABAI NAGAR,, Ghatkopar East, Mumbai - 400075",Not Verified
"Belita Retail Pvt Ltd (head Office) in Andheri East, Mumbai",3.5,241,"G1/ G2, Sheraton Classic, Charat Singh Colony, Andheri East, Mumbai - 400093, Opposite Andheri Kurla Road, Chakala",Verified
"Takecare Medical in Malad West, Mumbai",4.2,119,"Shop No. 6 Gemini Apartment, Marve Road, Jankalyan Nagar Road, Malad West, Mumbai - 400095, Opposite Abhudaya Bank, St Jude School",Not Verified
"Rachana Hair & Beauty Salon in Andheri East, Mumbai",4.0,70,"Shop No 1, Sahar Rd, Andheri East, Mumbai - 400069, Near Shivaji Chowk Koldongiri",Not Verified
"Disha Spa in Andheri West, Mumbai",4.5,16,"Andheri Kurla Road, Andheri West, Mumbai - 400058, Marol Naka",Not Verified
"Afrin Spa in Malad West, Mumbai",4.4,15,"Mahada Gaikwad Nagar Building No 1 B-Wing Flat No 705, Malvani No 8, Malad West, Mumbai - 400095, Near Kala Vidya Mandir Institute Of Technology",Not Verified
"Pooja Novelty in Andheri West, Mumbai",4.3,15,"Shop No 1145, New Link Road, Andheri West, Mumbai - 400053, Opposite Infiniti Mall, New Natraj Mall, Adarsh Nagar",Verified
"Adult Spa For Women in Vashi Sector 17, Mumbai",4.5,11,"D6 1/1, Vashi Sector 17, Navi Mumbai - 400703",Not Verified
"Pamper Salon At Home in Sakinaka, Mumbai",4.3,10,"B 1, 107, DSK Madhuban Building, Mehra Compound, Sakinaka, Mumbai - 400072, Safed Pul",Not Verified
"Neha Spa & Salon in Mankhurd, Mumbai",4.2,7,"Room No A-7, Jai Jagdambe Chawl, Ghatkopar Mankhurd LInk Road, Virmata Jijabai Bhosale Marg, Mankhurd, Mumbai - 400703, Anna Bhau Sathe Nagar, Shivaji Nagar",Not Verified
"Enrich Classic Unisex Salon & Spa in Charkop, Mumbai",3.6,7,"Shop No 8, Suprya Society, Charkop, Mumbai - 400067, Near to SAI Adarsh Mitra Mandal Samiti, Sector No 5",Not Verified
"Glow N Cut Spa  Beautique in Andheri West, Mumbai",3.1,7,"Ground Floor , Jai Ambe Society, Juhu Versova Link Road, Andheri West, Mumbai - 400053, Opposite HDFC Bank",Not Verified
"Muskan Body Spa And Massage Centre in Andheri East, Mumbai",3.7,5,"Sahar Airport Road,Ashok Nagar, Andheri East, Mumbai - 400099, Near Hilton Mumbai International",Not Verified
"Rambo Spa in Andheri West, Mumbai",3.4,5,"Unit no g 2 b wing ground floor minoo minar coop society Veera Desai Road behind country yard restau, Andheri West, Mumbai - 400053",Not Verified
"Lotus Spa in Andheri West, Mumbai",4.6,4,"Sweet Home, Lokhandwala Back Road, Andheri West, Mumbai - 400061",Not Verified
"Urban Oasis in Andheri East, Mumbai",3.8,4,"C/O Hotel Royal Park, Andheri Kurla Road, Andheri East, Mumbai - 400072, Opp Johnson & Johnson",Not Verified
"Wellness At Home in Andheri West, Mumbai",3.4,4,"Andheri West, Lokhandwala, Andheri West, Mumbai - 400053, Near Food Inn Resturant",Not Verified
"Suresh Body Massage in Andheri East, Mumbai",3.4,4,"Room No 607 Laxmi Chs Ltd Building No 7, Sambhaji Nagar, Andheri East, Mumbai - 400069, Near Swam Sahar Road",Not Verified
"Baba Spa Lokhandwala in Andheri West, Mumbai",4.5,3,"Venus Apartment flat no,g,6, Lokhandwala, Andheri West, Mumbai - 400053, Near High Point",Not Verified
"Lick Spa in Andheri West, Mumbai",3.5,3,"ANAND PALACE, LICKSPA,, D.N.NAGAR, Andheri West, Mumbai - 400053, NEAR HP PETROL PUMP",Not Verified
"Seema Beauty Parlour Service At Home in Nerul, Mumbai",3.5,3,"63, Jagruti Appt ,Plot No.13, Sector No 10, Nerul, Navi Mumbai - 400706, Near Sarkar Bazaar",Not Verified
"Laxmans Home Spa in Charkop, Mumbai",3.3,3,"Vridhya Co-Op Society, Bhabrekar Nagar, Charkop, Mumbai - 400067",Not Verified
"Ss Dance And Zumba (Kohinoor City Mall) in Kurla West, Mumbai",5.0,2,"F-99 1st Floor Kohinoor City Mall, Kurla West, Mumbai - 400070",Not Verified
"Book Deft in Indira Nagar-Turbhe, Mumbai",5.0,2,"Office Number 501 Everest Nivara, Infoteck Park, Indira Nagar-Turbhe, Navi Mumbai - 400703, Everest Infoteck Park",Not Verified
"7th Studio Velvet in Andheri West, Mumbai",5.0,2,"Shop No : 1188, Adharsh Nagar, Near Infinity Mall, Opp . Mourya Landmark, Andheri West, Mumbai - 400058",Not Verified
"The Pampering Petals in Goregaon West, Mumbai",4.8,2,"80/4/C, Jupiter, Vasant Galaxy, Off Link Road, Goregaon West, Mumbai - 400062, Opposite Picasso, Motilala Nagar",Not Verified
"Relaxation in Krishna Chaya Restaurant, Mumbai",4.5,2,"Mumbai - 400053, Krishna Chaya Restaurant",Verified
"Golden Spa At Home in Vashi, Mumbai",4.3,2,"Office No S-134 ,Harare Fantasia Business Park, Sector-30, Vashi, Navi Mumbai - 400703, Near Inorbit Mall, Near Vashi Railway Station",Not Verified
"vikram spa in Bhayandar West, Mumbai",3.5,2,"a/20,jay bajrang nagar,, janta nagar road, Bhayandar West, Thane - 401101, near bajarang nagar",Not Verified
"Refreshment Spa in Mira Road, Mumbai",3.0,2,"Guarav Residency, Mira Bhayander Road, Mira Road, Thane - 401107, Opposite Old Petrol Pump",Not Verified
"ROYAL KINGS Wellness Spa  in Andheri West, Mumbai",5.0,1,"Kamdhenu Shopping Center, Lokhandwala, Andheri West, Mumbai - 400058, Lokhandwala Market",Not Verified
"Logic Spa in 4TH CROSS ROAD, Mumbai",5.0,1,"LOKHANDWALA COMPLEX KINGSTONE 4TH CROSS ROAD AZAD NAGAR, Mumbai - 400053, 4TH CROSS ROAD",Not Verified
"Herbal Spa & Fitness Centre in Goregaon West, Mumbai",4.5,1,"8898110074 Rahul, Goregaon West, Mumbai - 400104",Not Verified
"New S K Soap Centre in Borivali West, Mumbai",4.5,1,"Shri Nidhi Bhavan, Plot No. 57/60 Gorai, RSC 13/22, Borivali West, Mumbai - 400092, Nr Mangalmurti Hospital",Not Verified
"Jai ambe soap centre in Gorai 1-Borivali West, Mumbai",4.0,1,"Shop No 231/242, Gorai Road, Gorai 1-Borivali West, Mumbai - 400091, Opp. Muthut Mini",Not Verified
"Golden Healthcare Services in Andheri West, Mumbai",4.0,1,"49, 147 Vanshika House, Jankidevi School Road, Andheri West, Mumbai - 400053, 4 Bunglow, Versova",Not Verified
"Physiocare & Naturotherapy Centre in Andheri West, Mumbai",4.0,1,"Flat No 2, Building No 5, Yashodham Appartment, J P Road, Andheri West, Mumbai - 400053, Opposite Kamdhenu Mall",Not Verified
"Akash Massage Services in Andheri West, Mumbai",5.0,4,"Shiv Shakti Building, DN Nagar, J P Road, Andheri West, Mumbai - 400053, D N Nagar Metro Station",Not Verified
"Yogi Home Spa in Santacruz East, Mumbai",4.5,28,"8,Koli Kalyan,, Datta Mandir Rd, Santacruz East, Mumbai - 400055, Near Datta Mandir",Not Verified
"Deepika Body Massage Services in Nerul, Mumbai",3.5,79,"Plot No. 362,, Sun Niwas,, Nerul, Navi Mumbai - 400706, Near KFC, Opposite D Y Patil College",Not Verified
"Rkb Fitness in Nerul, Mumbai",3.9,67,"Sector 18a, Nerul West, Manoj Saverkar Marg, Nerul, Navi Mumbai - 400706, Daliy Need Mall",Not Verified
"First Class Mens Body Spa in Andheri East, Mumbai",4.3,27,"Flat No 1701, 17th Floor Eden Rock, Andheri East, Mumbai - 400099, Next To Grand Hyatt, Near Sahara Star Hotel And International Airport",Not Verified
"Neha Spa in Juhu, Mumbai",4.3,14,"Jayanti Niwas Complex, Mukteshwar Dewalaya Marg, Juhu, Mumbai - 400049, Opposite Iskon Temple",Not Verified
"Silver Home Spa in Vile Parle West, Mumbai",3.2,8,"101, A-Wing, Patel Park Society, Vile Parle West, Mumbai - 400056",Not Verified
"Renu Fitness Service in Santacruz East, Mumbai",4.2,6,"Plot No 201, 2nd Floor, Jivan Apartment, Western Express Highway, Santacruz East, Mumbai - 400055, Near Domestic Airport, Opposite Grand Hyatt Hotel",Not Verified
"Sunny Body Massage in Chembur, Mumbai",3.0,6,"38-464 R C Barack Chembur Colony, Chembur, Mumbai - 400071",Not Verified
"Ashika Salon & Beauty Parlour in Juhu, Mumbai",2.8,4,"267, Janardhan Ramji Mhatre Marg, Juhu, Mumbai - 400049, Mora Gaon, Juhu Ruia Park",Not Verified
"SVA Spa And Salon in Vile Parle East, Mumbai",3.0,3,"C/O Sahara Star Hotel, Vile Parle East, Mumbai - 400099, Opposite Domestic Airport",Not Verified
"Beyond Salon.in in Chembur East, Mumbai",4.8,2,"Bld No 4. Room No 5. B M C Colony., P L. Lokhande Road. Dr Ambedkar Nagar, Chembur East, Mumbai - 400088, Thane",Verified
"Vaibhav Massage in Vile Parle East, Mumbai",2.8,2,"Room No 4, Ismaile Chawl, Dayaldas Road, Vile Parle East, Mumbai - 400057, Patil Wadi, Opposite Nana Nani Park",Not Verified
"Vijay Massage Therapist in Kurla West, Mumbai",2.5,1,"Block No : 2, Mashnaj Chawl, Makadwala Compound, Halav Pool, Jai Shankar Chowk, Kurla West, Mumbai - 400070",Not Verified
"Golden Bliss Thai Foot Spa in Kharghar, Mumbai",4.2,57,"24/ 25, 2nd Floor, Crystal Plaza, Sector 7, Kharghar, Navi Mumbai - 410210, Near Three Star Hotel",Not Verified
"Rocks in Juhu Koliwada, Mumbai",3.9,36,"101, Kings Apartment, Juhu Tara Road, Juhu Koliwada, Mumbai - 400049, Near J W Marriott",Not Verified
"Plera Wellness Plus in Khar West, Mumbai",4.8,26,"4th Floor Seasons Building, Linking Road, Khar West, Mumbai - 400052, Maple Digital Technology International Pvt Ltd",Verified
"muskan  beauty parlour in Santacruz West, Mumbai",3.4,18,"Room No. 17 , Jai DurgaBhawani Chawl, Gazdar Bandh, Santacruz West, Mumbai - 400054, Near Kalpana Dairy",Not Verified
"Fitness Live Spa Solution in Chembur East, Mumbai",4.0,16,"362 Shiv Shakti Nagar, Collector Colony, Chembur East, Mumbai - 400074, Near VES Collage",Not Verified
"Agama Massage in Seawoods, Mumbai",4.1,14,"Flat No B/401, Shreeji Darshan, Plot No 48, Sector No 40, Seawoods, Navi Mumbai - 400706",Not Verified
"Dulhan Store in Kharghar, Mumbai",4.0,10,"Shop No 3,Sakal CHS Plot No E-148, Sector-12, Kharghar, Navi Mumbai - 410210, Near Kendriya Vihar",Verified
"Glamour Beauty Parlour And Academy in Naigaon East, Mumbai",4.7,9,"Rashmi Star City, Phase 5 ,Shop No 15,, Tivri Road, Naigaon East, Palghar - 401208, Seven Square School",Not Verified
"Aziz Gazi in Vashi Naka-Chembur East, Mumbai",3.4,6,"Room No 664, Vishnu Nagar, L U Gadkari Marg, Vashi Naka-Chembur East, Mumbai - 400074, Near Sai Baba Mandir",Not Verified
"Oram Spa in Ulhasnagar No 1, Mumbai",4.6,5,"38/01 Vodol Gaon OT Section,, Ulhasnagar No 1, Thane - 421002, Near Fatima Church",Not Verified
"Lotus Massage in Santacruz West, Mumbai",4.8,4,"Shaan Coroperative Housing Society, Relief Road, Santacruz West, Mumbai - 400054",Not Verified
"Thai Village Spa in Santacruz West, Mumbai",3.0,4,"Shop No 1, Plot No 31, Sethi Niwas, Santacruz West, Mumbai - 400054, Near Rajesh Khanna Garden",Not Verified
"Komal Patel in Kharghar, Mumbai",3.7,3,"Kharghar, Navi Mumbai - 410210, Sector 6",Not Verified
"Pooja Home Spa in Santacruz East, Mumbai",5.0,2,"Vakola, D M Road, Santacruz East, Santacruz East, Mumbai - 400055, Pipe Line",Not Verified
"Rejuvenate Home Spa in Juhu, Mumbai",5.0,1,"D-205, Imperial Avenue, Juhu Tara Road, Juhu, Mumbai - 400049, Near ICICI Bank",Not Verified
"Maitreya Spa in Cbd Belapur, Mumbai",5.0,1,"Cbd Belapur, Navi Mumbai - 400614, National Institute For Mentally Handicapped",Not Verified
"New Look Hair Salon in Naigaon East, Mumbai",4.5,1,"Shop 5, Station Road, Naigaon East, Palghar - 401208, Near Pereira Nagar",Not Verified
"Ruby Massage Home Services in Dadar West, Mumbai",4.2,28,"Shop 4, Plaza Theatre, Station Road, Dadar West, Mumbai - 400028, Opp Plaza Theatre",Not Verified
"Gala Spa & Wellness in Matunga East, Mumbai",4.2,30,"Building No 111, Flat No 102, Palai Villa Building, Matunga Road No 2, Matunga East, Mumbai - 400019, Opposite Saraswat Bank, Near BMC F/ N Ward Office",Not Verified
"Glowup Beauty & Wellness At Home in Vasai East, Mumbai",4.7,25,"D 17, Reshmi Residency, Vasai Link Road, Vasai East, Palghar - 401208, Near Saraswat Bank",Not Verified
"Raj Massage Service in Bandra West, Mumbai",3.7,6,"A-224, Bazar Road, Bandra West, Mumbai - 400050, Near Lovely Stores",Not Verified
"Body Beautiful in Bandra West, Mumbai",4.5,4,"G/1 Sangam Tower, Perry Cross Road, Bandra West, Mumbai - 400050",Not Verified
"Janhvi Hair & Beauty Treatment in Mahim, Mumbai",4.3,3,"SAI Samarth Building, Pitamber Lane, Mahim, Mumbai - 400016, Near Station",Not Verified
"Body Spa in Cbd Belapur, Mumbai",3.2,3,"Cbd Belapur, Navi Mumbai - 400614",Not Verified
"Desi Boys International Spa in Bandra West, Mumbai",5.0,1,"Street 1, Bandra West, Mumbai - 400050, Near SBI",Not Verified
"Classic Family Parlour in Dadar West, Mumbai",4.3,36,"Plot No 49A/B Shri Guru Niwas, Gokhle Road North, Dadar West, Mumbai - 400028, Opposite Bharat Petroleum",Not Verified
"Heaven Spa in Dadar East, Mumbai",3.4,5,"17-A /04 Old Bdd Chawl, Mahatma Phule Road, Dadar East, Mumbai - 400014, Naigaon",Not Verified
"Royal Massage Service in Panvel, Mumbai",5.0,2,"Tricity CHS,, Panvel, Navi Mumbai - 410206, Near Orion Mall",Not Verified
"Blue Sapphire Family Spa & Saloon in Badlapur, Mumbai",3.3,3,"Marathon  NX, Vigo Apt.  Shop No. 7, Next to Sindhudurg Bank,, Near Surval Chock, Badlapur East., Badlapur, Thane - 421503",Not Verified
"Aayush Wellness in Near ST Depot, Mumbai",3.0,2,"Orion Mall, Bus Depot, Final Plot No 311, Navi Mumbai - 410206, Near ST Depot",Not Verified
"Lavanya Beauty Parlour in Panvel, Mumbai",5.0,1,"B 104, Orchid Building, SAI Nagar, Panvel, Navi Mumbai - 410206, Opposite Upvan Channel",Not Verified
Shabina in Mumbai,5.0,1,Navi Mumbai - 410206,Not Verified
"Relax Spa and Home Massage in Breach Candy, Mumbai",4.4,14,"Bhulabhai Desai Road, Breach Candy, Mumbai - 400026, Near Mahalaxmi Temple",Not Verified
"Aasthaa Beauty Spa And Bridal in Nalasopara West, Mumbai",4.5,2,"Shop:7 Nakoda Hight, Yashwanath Boro Complex, Nalasopara West, Palghar - 401203",Not Verified
"Rose Salon in Gulal Wadi-bhuleshwar, Mumbai",4.3,2,"SHOP NO 7,, Dr C P Tank Road, Gulal Wadi-bhuleshwar, Mumbai - 400002, Near Gulalwadi Signal",Not Verified
"Ajintha Creation in Virar West, Mumbai",5.0,1,"Shop-10, Vishu Prasad Complex, PP Marg, Virar West, Palghar - 401303, Near-Reliance Fresh",Not Verified
Housejoy.in in Mumbai,3.8,216,Mumbai - 400001,Not Verified
"Vfit in Charni Road, Mumbai",4.2,53,"266, 2nd Floor, Patel Building, Raja Ram Mohan Roy Road, Charni Road, Mumbai - 400004, Opposite Railway Station",Not Verified
"Aroma Home Spa Services in Nepean Sea Road, Mumbai",5.0,1,"39 Crystal Apartment, Nepean Sea Road, Mumbai - 400006, Near Priyadarshani Park",Not Verified
